{
  "id": "0826BB8416",
  "sport_type": "baseball",
  "status": "pending",
  "home_score": 0,
  "away_score": 0,
  "match_data": {
    "home_team_color": "#1e40af",
    "away_team_color": "#1e40af",
    "timer": 0,
    "lastUpdateTime": 1756194158416,
    "isRunning": false,
    "current_inning": 1,
    "inning_type": "top",
    "first_base": false,
    "second_base": false,
    "third_base": false,
    "balls": 0,
    "strikes": 0,
    "outs": 0,
    "batter_name": "",
    "batter_number": "",
    "batter_position": "",
    "batter_avg": "",
    "pitcher_name": "",
    "pitcher_number": "",
    "pitcher_position": "",
    "pitcher_era": "",
    "home_hits": 0,
    "away_hits": 0,
    "home_errors": 0,
    "away_errors": 0,
    "innings": {
      "home_1": 0,
      "away_1": 0,
      "home_2": 0,
      "away_2": 0,
      "home_3": 0,
      "away_3": 0,
      "home_4": 0,
      "away_4": 0,
      "home_5": 0,
      "away_5": 0,
      "home_6": 0,
      "away_6": 0,
      "home_7": 0,
      "away_7": 0,
      "home_8": 0,
      "away_8": 0,
      "home_9": 0,
      "away_9": 0
    },
    "home_team_logo": "",
    "away_team_logo": "",
    "home_score": 0,
    "away_score": 0,
    "match_data": {
      "current_inning": 1,
      "inning_type": "top",
      "first_base": false,
      "second_base": false,
      "third_base": false,
      "balls": 0,
      "strikes": 0,
      "outs": 0,
      "batter_name": "",
      "batter_number": "",
      "batter_position": "",
      "batter_avg": "",
      "pitcher_name": "",
      "pitcher_number": "",
      "pitcher_position": "",
      "pitcher_era": "",
      "home_hits": 0,
      "away_hits": 0,
      "home_errors": 0,
      "away_errors": 0,
      "innings": {
        "home_1": 0,
        "away_1": 0,
        "home_2": 0,
        "away_2": 0,
        "home_3": 0,
        "away_3": 0,
        "home_4": 0,
        "away_4": 0,
        "home_5": 0,
        "away_5": 0,
        "home_6": 0,
        "away_6": 0,
        "home_7": 0,
        "away_7": 0,
        "home_8": 0,
        "away_8": 0,
        "home_9": 0,
        "away_9": 0
      },
      "home_team_logo": "",
      "away_team_logo": "",
      "home_team_color": "#1e40af",
      "away_team_color": "#1e40af"
    }
  },
  "created_at": "2025-08-26T07:42:38.416Z",
  "updated_at": "2025-08-26T07:43:29.380Z"
}